{
    "output_checkpoint-309": {
        "cer": 0.041181434599156116,
        "wer": 0.17252931323283083,
        "per_speaker": {
            "Autor": {
                "cer": 0.024390243902439025,
                "wer": 0.12337662337662338
            },
            "Geograf": {
                "cer": 0.025233132199670872,
                "wer": 0.11570247933884298
            },
            "Mići Princ": {
                "cer": 0.04831532104259377,
                "wer": 0.17522658610271905
            },
            "Dilavac": {
                "cer": 0.05968402574605032,
                "wer": 0.2514450867052023
            }
        }
    },
    "output_checkpoint-1854": {
        "cer": 0.05181434599156118,
        "wer": 0.17922948073701842,
        "per_speaker": {
            "Autor": {
                "cer": 0.018292682926829267,
                "wer": 0.11038961038961038
            },
            "Geograf": {
                "cer": 0.025233132199670872,
                "wer": 0.11570247933884298
            },
            "Mići Princ": {
                "cer": 0.036236490781945324,
                "wer": 0.16012084592145015
            },
            "Dilavac": {
                "cer": 0.11059098888238736,
                "wer": 0.2947976878612717
            }
        }
    },
    "output_checkpoint-2781": {
        "cer": 0.05232067510548523,
        "wer": 0.18174204355108878,
        "per_speaker": {
            "Autor": {
                "cer": 0.018292682926829267,
                "wer": 0.11038961038961038
            },
            "Geograf": {
                "cer": 0.025233132199670872,
                "wer": 0.11570247933884298
            },
            "Mići Princ": {
                "cer": 0.03814367450731087,
                "wer": 0.1691842900302115
            },
            "Dilavac": {
                "cer": 0.11059098888238736,
                "wer": 0.2947976878612717
            }
        }
    },
    "output_checkpoint-927": {
        "cer": 0.05957805907172996,
        "wer": 0.18927973199329984,
        "per_speaker": {
            "Autor": {
                "cer": 0.018292682926829267,
                "wer": 0.11038961038961038
            },
            "Geograf": {
                "cer": 0.024684585847504114,
                "wer": 0.11570247933884298
            },
            "Mići Princ": {
                "cer": 0.06547997457088366,
                "wer": 0.1933534743202417
            },
            "Dilavac": {
                "cer": 0.11117612638970158,
                "wer": 0.2976878612716763
            }
        }
    },
    "output_checkpoint-1236": {
        "cer": 0.052151898734177214,
        "wer": 0.18174204355108878,
        "per_speaker": {
            "Autor": {
                "cer": 0.018292682926829267,
                "wer": 0.11038961038961038
            },
            "Geograf": {
                "cer": 0.025233132199670872,
                "wer": 0.11570247933884298
            },
            "Mići Princ": {
                "cer": 0.036236490781945324,
                "wer": 0.16314199395770393
            },
            "Dilavac": {
                "cer": 0.1117612638970158,
                "wer": 0.30057803468208094
            }
        }
    },
    "output_checkpoint-2472": {
        "cer": 0.05232067510548523,
        "wer": 0.18425460636515914,
        "per_speaker": {
            "Autor": {
                "cer": 0.018292682926829267,
                "wer": 0.11038961038961038
            },
            "Geograf": {
                "cer": 0.025233132199670872,
                "wer": 0.11570247933884298
            },
            "Mići Princ": {
                "cer": 0.036872218690400506,
                "wer": 0.16314199395770393
            },
            "Dilavac": {
                "cer": 0.1117612638970158,
                "wer": 0.3092485549132948
            }
        }
    },
    "output_checkpoint-2163": {
        "cer": 0.05232067510548523,
        "wer": 0.18425460636515914,
        "per_speaker": {
            "Autor": {
                "cer": 0.018292682926829267,
                "wer": 0.11038961038961038
            },
            "Geograf": {
                "cer": 0.025233132199670872,
                "wer": 0.11570247933884298
            },
            "Mići Princ": {
                "cer": 0.036872218690400506,
                "wer": 0.16314199395770393
            },
            "Dilavac": {
                "cer": 0.1117612638970158,
                "wer": 0.3092485549132948
            }
        }
    },
    "output_checkpoint-1545": {
        "cer": 0.05248945147679325,
        "wer": 0.18257956448911222,
        "per_speaker": {
            "Autor": {
                "cer": 0.018292682926829267,
                "wer": 0.11038961038961038
            },
            "Geograf": {
                "cer": 0.025233132199670872,
                "wer": 0.11570247933884298
            },
            "Mići Princ": {
                "cer": 0.03750794659885569,
                "wer": 0.1661631419939577
            },
            "Dilavac": {
                "cer": 0.1117612638970158,
                "wer": 0.30057803468208094
            }
        }
    },
    "output_checkpoint-3090": {
        "cer": 0.052658227848101265,
        "wer": 0.18592964824120603,
        "per_speaker": {
            "Autor": {
                "cer": 0.018292682926829267,
                "wer": 0.11038961038961038
            },
            "Geograf": {
                "cer": 0.025233132199670872,
                "wer": 0.11570247933884298
            },
            "Mići Princ": {
                "cer": 0.03814367450731087,
                "wer": 0.1691842900302115
            },
            "Dilavac": {
                "cer": 0.1117612638970158,
                "wer": 0.3092485549132948
            }
        }
    },
    "output_checkpoint-618": {
        "cer": 0.03561181434599156,
        "wer": 0.15996649916247907,
        "per_speaker": {
            "Autor": {
                "cer": 0.02195121951219512,
                "wer": 0.11688311688311688
            },
            "Geograf": {
                "cer": 0.02303894679100384,
                "wer": 0.10743801652892562
            },
            "Mići Princ": {
                "cer": 0.036236490781945324,
                "wer": 0.16314199395770393
            },
            "Dilavac": {
                "cer": 0.05500292568753657,
                "wer": 0.23121387283236994
            }
        }
    },
    "openai_whisper-large-v3": {
        "cer": 0.11544303797468354,
        "wer": 0.3542713567839196,
        "per_speaker": {
            "Autor": {
                "cer": 0.1024390243902439,
                "wer": 0.38961038961038963
            },
            "Geograf": {
                "cer": 0.049917718047174986,
                "wer": 0.209366391184573
            },
            "Mići Princ": {
                "cer": 0.12205975842339478,
                "wer": 0.45317220543806647
            },
            "Dilavac": {
                "cer": 0.18548858981860739,
                "wer": 0.3959537572254335
            }
        }
    }
}