{
    "output_checkpoint-309": {
        "cer": 0.07714382174206617,
        "wer": 0.19765494137353434,
        "per_speaker": {
            "Autor": {
                "cer": 0.025609756097560974,
                "wer": 0.12337662337662338
            },
            "Geograf": {
                "cer": 0.1322722283205269,
                "wer": 0.20110192837465565
            },
            "Mići Princ": {
                "cer": 0.033693579148124604,
                "wer": 0.16012084592145015
            },
            "Dilavac": {
                "cer": 0.08308952603861908,
                "wer": 0.2630057803468208
            }
        }
    },
    "output_checkpoint-1854": {
        "cer": 0.08896016205266712,
        "wer": 0.20435510887772193,
        "per_speaker": {
            "Autor": {
                "cer": 0.02195121951219512,
                "wer": 0.11038961038961038
            },
            "Geograf": {
                "cer": 0.1783754116355653,
                "wer": 0.24793388429752067
            },
            "Mići Princ": {
                "cer": 0.06102987921169739,
                "wer": 0.17522658610271905
            },
            "Dilavac": {
                "cer": 0.051492100643651256,
                "wer": 0.22832369942196531
            }
        }
    },
    "output_checkpoint-2781": {
        "cer": 0.1038149898717083,
        "wer": 0.2185929648241206,
        "per_speaker": {
            "Autor": {
                "cer": 0.02195121951219512,
                "wer": 0.11038961038961038
            },
            "Geograf": {
                "cer": 0.17618002195389681,
                "wer": 0.2534435261707989
            },
            "Mići Princ": {
                "cer": 0.06039415130324221,
                "wer": 0.1691842900302115
            },
            "Dilavac": {
                "cer": 0.10590988882387362,
                "wer": 0.2774566473988439
            }
        }
    },
    "output_checkpoint-927": {
        "cer": 0.04439567859554355,
        "wer": 0.16917922948073702,
        "per_speaker": {
            "Autor": {
                "cer": 0.023170731707317073,
                "wer": 0.12337662337662338
            },
            "Geograf": {
                "cer": 0.03402854006586169,
                "wer": 0.12947658402203857
            },
            "Mići Princ": {
                "cer": 0.06166560712015257,
                "wer": 0.17522658610271905
            },
            "Dilavac": {
                "cer": 0.0497366881217086,
                "wer": 0.2254335260115607
            }
        }
    },
    "output_checkpoint-1236": {
        "cer": 0.08997299122214719,
        "wer": 0.20938023450586266,
        "per_speaker": {
            "Autor": {
                "cer": 0.023170731707317073,
                "wer": 0.12337662337662338
            },
            "Geograf": {
                "cer": 0.17892425905598244,
                "wer": 0.25068870523415976
            },
            "Mići Princ": {
                "cer": 0.062301335028607754,
                "wer": 0.1782477341389728
            },
            "Dilavac": {
                "cer": 0.0526623756582797,
                "wer": 0.23410404624277456
            }
        }
    },
    "output_checkpoint-2472": {
        "cer": 0.11444969615124916,
        "wer": 0.2169179229480737,
        "per_speaker": {
            "Autor": {
                "cer": 0.02195121951219512,
                "wer": 0.11038961038961038
            },
            "Geograf": {
                "cer": 0.21075740944017562,
                "wer": 0.24793388429752067
            },
            "Mići Princ": {
                "cer": 0.06039415130324221,
                "wer": 0.1691842900302115
            },
            "Dilavac": {
                "cer": 0.10590988882387362,
                "wer": 0.2774566473988439
            }
        }
    },
    "output_checkpoint-2163": {
        "cer": 0.1024645509790682,
        "wer": 0.2152428810720268,
        "per_speaker": {
            "Autor": {
                "cer": 0.02195121951219512,
                "wer": 0.11038961038961038
            },
            "Geograf": {
                "cer": 0.17178924259055983,
                "wer": 0.24242424242424243
            },
            "Mići Princ": {
                "cer": 0.06039415130324221,
                "wer": 0.1691842900302115
            },
            "Dilavac": {
                "cer": 0.10590988882387362,
                "wer": 0.2774566473988439
            }
        }
    },
    "output_checkpoint-1545": {
        "cer": 0.08912896691424713,
        "wer": 0.2051926298157454,
        "per_speaker": {
            "Autor": {
                "cer": 0.02195121951219512,
                "wer": 0.11038961038961038
            },
            "Geograf": {
                "cer": 0.1783754116355653,
                "wer": 0.24793388429752067
            },
            "Mići Princ": {
                "cer": 0.062301335028607754,
                "wer": 0.1782477341389728
            },
            "Dilavac": {
                "cer": 0.05090696313633704,
                "wer": 0.22832369942196531
            }
        }
    },
    "output_checkpoint-3090": {
        "cer": 0.09908845374746793,
        "wer": 0.20351758793969849,
        "per_speaker": {
            "Autor": {
                "cer": 0.02195121951219512,
                "wer": 0.11038961038961038
            },
            "Geograf": {
                "cer": 0.21295279912184412,
                "wer": 0.2534435261707989
            },
            "Mići Princ": {
                "cer": 0.06039415130324221,
                "wer": 0.1691842900302115
            },
            "Dilavac": {
                "cer": 0.05032182562902282,
                "wer": 0.2254335260115607
            }
        }
    },
    "output_checkpoint-618": {
        "cer": 0.044226873733963536,
        "wer": 0.1624790619765494,
        "per_speaker": {
            "Autor": {
                "cer": 0.01951219512195122,
                "wer": 0.1038961038961039
            },
            "Geograf": {
                "cer": 0.033479692645444564,
                "wer": 0.12396694214876033
            },
            "Mići Princ": {
                "cer": 0.04895104895104895,
                "wer": 0.1510574018126888
            },
            "Dilavac": {
                "cer": 0.06319485078993564,
                "wer": 0.2398843930635838
            }
        }
    },
    "openai_whisper-large-v3": {
        "cer": 0.11613774476704929,
        "wer": 0.3542713567839196,
        "per_speaker": {
            "Autor": {
                "cer": 0.1024390243902439,
                "wer": 0.38961038961038963
            },
            "Geograf": {
                "cer": 0.05214050493962678,
                "wer": 0.209366391184573
            },
            "Mići Princ": {
                "cer": 0.12205975842339478,
                "wer": 0.45317220543806647
            },
            "Dilavac": {
                "cer": 0.18548858981860739,
                "wer": 0.3959537572254335
            }
        }
    }
}