{
    "openai_whisper-large-v3": {
        "cer": 0.11544303797468354,
        "wer": 0.3542713567839196,
        "cdif": -2,
        "wdif": -37,
        "per_speaker": {
            "Autor": {
                "cer": 0.1024390243902439,
                "wer": 0.38961038961038963,
                "cdif": 28,
                "wdif": -1
            },
            "Geograf": {
                "cer": 0.049917718047174986,
                "wer": 0.209366391184573,
                "cdif": 35,
                "wdif": -9
            },
            "Mići Princ": {
                "cer": 0.12205975842339478,
                "wer": 0.45317220543806647,
                "cdif": 70,
                "wdif": 2
            },
            "Dilavac": {
                "cer": 0.18548858981860739,
                "wer": 0.3959537572254335,
                "cdif": -135,
                "wdif": -29
            }
        }
    },
    "output_checkpoint-69": {
        "cer": 0.05924050632911392,
        "wer": 0.2068676716917923,
        "cdif": 55,
        "wdif": -16,
        "per_speaker": {
            "Autor": {
                "cer": 0.02804878048780488,
                "wer": 0.15584415584415584,
                "cdif": 19,
                "wdif": 1
            },
            "Geograf": {
                "cer": 0.04114097641250686,
                "wer": 0.15151515151515152,
                "cdif": 41,
                "wdif": -5
            },
            "Mići Princ": {
                "cer": 0.05848696757787667,
                "wer": 0.2175226586102719,
                "cdif": 37,
                "wdif": -3
            },
            "Dilavac": {
                "cer": 0.09420713867758923,
                "wer": 0.2774566473988439,
                "cdif": -42,
                "wdif": -9
            }
        }
    },
    "output_checkpoint-138": {
        "cer": 0.3682700421940928,
        "wer": 0.46147403685092125,
        "cdif": 2034,
        "wdif": 324,
        "per_speaker": {
            "Autor": {
                "cer": 0.06585365853658537,
                "wer": 0.17532467532467533,
                "cdif": 41,
                "wdif": 2
            },
            "Geograf": {
                "cer": 0.027427317608337904,
                "wer": 0.1184573002754821,
                "cdif": 25,
                "wdif": -3
            },
            "Mići Princ": {
                "cer": 1.2485696122059757,
                "wer": 1.1601208459214503,
                "cdif": 1947,
                "wdif": 323
            },
            "Dilavac": {
                "cer": 0.06670567583382095,
                "wer": 0.28034682080924855,
                "cdif": 21,
                "wdif": 2
            }
        }
    },
    "output_checkpoint-207": {
        "cer": 0.07156118143459915,
        "wer": 0.23031825795644892,
        "cdif": 180,
        "wdif": 43,
        "per_speaker": {
            "Autor": {
                "cer": 0.023170731707317073,
                "wer": 0.12337662337662338,
                "cdif": 10,
                "wdif": -2
            },
            "Geograf": {
                "cer": 0.024684585847504114,
                "wer": 0.1046831955922865,
                "cdif": 26,
                "wdif": -2
            },
            "Mići Princ": {
                "cer": 0.1309599491417673,
                "wer": 0.3595166163141994,
                "cdif": 184,
                "wdif": 58
            },
            "Dilavac": {
                "cer": 0.0901111761263897,
                "wer": 0.2861271676300578,
                "cdif": -40,
                "wdif": -11
            }
        }
    },
    "output_checkpoint-276": {
        "cer": 0.03729957805907173,
        "wer": 0.17169179229480738,
        "cdif": 89,
        "wdif": 8,
        "per_speaker": {
            "Autor": {
                "cer": 0.02804878048780488,
                "wer": 0.13636363636363635,
                "cdif": 14,
                "wdif": 1
            },
            "Geograf": {
                "cer": 0.025233132199670872,
                "wer": 0.11294765840220386,
                "cdif": 20,
                "wdif": 0
            },
            "Mići Princ": {
                "cer": 0.03305785123966942,
                "wer": 0.16314199395770393,
                "cdif": 36,
                "wdif": -1
            },
            "Dilavac": {
                "cer": 0.058513750731421885,
                "wer": 0.25722543352601157,
                "cdif": 19,
                "wdif": 8
            }
        }
    },
    "output_checkpoint-345": {
        "cer": 0.04523206751054852,
        "wer": 0.17839195979899497,
        "cdif": 138,
        "wdif": 18,
        "per_speaker": {
            "Autor": {
                "cer": 0.02926829268292683,
                "wer": 0.14285714285714285,
                "cdif": 14,
                "wdif": 1
            },
            "Geograf": {
                "cer": 0.024684585847504114,
                "wer": 0.11294765840220386,
                "cdif": 21,
                "wdif": -1
            },
            "Mići Princ": {
                "cer": 0.06420851875397329,
                "wer": 0.18429003021148035,
                "cdif": 92,
                "wdif": 14
            },
            "Dilavac": {
                "cer": 0.05734347571679345,
                "wer": 0.25722543352601157,
                "cdif": 11,
                "wdif": 4
            }
        }
    },
    "output_checkpoint-414": {
        "cer": 0.04658227848101266,
        "wer": 0.17336683417085427,
        "cdif": 155,
        "wdif": 20,
        "per_speaker": {
            "Autor": {
                "cer": 0.02926829268292683,
                "wer": 0.14285714285714285,
                "cdif": 14,
                "wdif": 1
            },
            "Geograf": {
                "cer": 0.021393307734503566,
                "wer": 0.10192837465564739,
                "cdif": 20,
                "wdif": 0
            },
            "Mići Princ": {
                "cer": 0.07501589319771138,
                "wer": 0.18429003021148035,
                "cdif": 112,
                "wdif": 16
            },
            "Dilavac": {
                "cer": 0.05558806319485079,
                "wer": 0.2514450867052023,
                "cdif": 9,
                "wdif": 3
            }
        }
    },
    "output_checkpoint-483": {
        "cer": 0.043037974683544304,
        "wer": 0.16917922948073702,
        "cdif": 139,
        "wdif": 17,
        "per_speaker": {
            "Autor": {
                "cer": 0.02926829268292683,
                "wer": 0.14285714285714285,
                "cdif": 14,
                "wdif": 1
            },
            "Geograf": {
                "cer": 0.020844761382336808,
                "wer": 0.1046831955922865,
                "cdif": 22,
                "wdif": 1
            },
            "Mići Princ": {
                "cer": 0.062301335028607754,
                "wer": 0.1661631419939577,
                "cdif": 94,
                "wdif": 12
            },
            "Dilavac": {
                "cer": 0.05558806319485079,
                "wer": 0.2514450867052023,
                "cdif": 9,
                "wdif": 3
            }
        }
    },
    "output_checkpoint-552": {
        "cer": 0.04320675105485232,
        "wer": 0.1708542713567839,
        "cdif": 135,
        "wdif": 15,
        "per_speaker": {
            "Autor": {
                "cer": 0.02926829268292683,
                "wer": 0.14285714285714285,
                "cdif": 14,
                "wdif": 1
            },
            "Geograf": {
                "cer": 0.021393307734503566,
                "wer": 0.11019283746556474,
                "cdif": 21,
                "wdif": 0
            },
            "Mići Princ": {
                "cer": 0.06166560712015257,
                "wer": 0.1661631419939577,