{
    "output_checkpoint-309": {
        "cer": 0.05114787305874409,
        "wer": 0.10134003350083752,
        "per_speaker": {
            "Autor": {
                "cer": 0.00853658536585366,
                "wer": 0.032467532467532464
            },
            "Geograf": {
                "cer": 0.1278814489571899,
                "wer": 0.17355371900826447
            },
            "Mići Princ": {
                "cer": 0.02225047679593134,
                "wer": 0.08459214501510574
            },
            "Dilavac": {
                "cer": 0.016383850204798128,
                "wer": 0.07225433526011561
            }
        }
    },
    "output_checkpoint-1854": {
        "cer": 0.035449020931802834,
        "wer": 0.09045226130653267,
        "per_speaker": {
            "Autor": {
                "cer": 0.012195121951219513,
                "wer": 0.05194805194805195
            },
            "Geograf": {
                "cer": 0.05433589462129528,
                "wer": 0.0881542699724518
            },
            "Mići Princ": {
                "cer": 0.04259376986649714,
                "wer": 0.12386706948640483
            },
            "Dilavac": {
                "cer": 0.01989467524868344,
                "wer": 0.07803468208092486
            }
        }
    },
    "output_checkpoint-2781": {
        "cer": 0.035280216070222824,
        "wer": 0.08877721943048576,
        "per_speaker": {
            "Autor": {
                "cer": 0.012195121951219513,
                "wer": 0.05194805194805195
            },
            "Geograf": {
                "cer": 0.05543358946212953,
                "wer": 0.09090909090909091
            },
            "Mići Princ": {
                "cer": 0.040686586141131596,
                "wer": 0.1148036253776435
            },
            "Dilavac": {
                "cer": 0.01989467524868344,
                "wer": 0.07803468208092486
            }
        }
    },
    "output_checkpoint-927": {
        "cer": 0.03950033760972316,
        "wer": 0.09045226130653267,
        "per_speaker": {
            "Autor": {
                "cer": 0.00853658536585366,
                "wer": 0.025974025974025976
            },
            "Geograf": {
                "cer": 0.05323819978046103,
                "wer": 0.0881542699724518
            },
            "Mići Princ": {
                "cer": 0.062301335028607754,
                "wer": 0.14501510574018128
            },
            "Dilavac": {
                "cer": 0.018724400234055003,
                "wer": 0.06936416184971098
            }
        }
    },
    "output_checkpoint-1236": {
        "cer": 0.03933153274814315,
        "wer": 0.08877721943048576,
        "per_speaker": {
            "Autor": {
                "cer": 0.00853658536585366,
                "wer": 0.025974025974025976
            },
            "Geograf": {
                "cer": 0.05378704720087816,
                "wer": 0.0881542699724518
            },
            "Mići Princ": {
                "cer": 0.06102987921169739,
                "wer": 0.13897280966767372
            },
            "Dilavac": {
                "cer": 0.018724400234055003,
                "wer": 0.06936416184971098
            }
        }
    },
    "output_checkpoint-2472": {
        "cer": 0.03561782579338285,
        "wer": 0.08961474036850921,
        "per_speaker": {
            "Autor": {
                "cer": 0.012195121951219513,
                "wer": 0.05194805194805195
            },
            "Geograf": {
                "cer": 0.05543358946212953,
                "wer": 0.09090909090909091
            },
            "Mići Princ": {
                "cer": 0.04195804195804196,
                "wer": 0.11782477341389729
            },
            "Dilavac": {
                "cer": 0.01989467524868344,
                "wer": 0.07803468208092486
            }
        }
    },
    "output_checkpoint-2163": {
        "cer": 0.03561782579338285,
        "wer": 0.09045226130653267,
        "per_speaker": {
            "Autor": {
                "cer": 0.012195121951219513,
                "wer": 0.05194805194805195
            },
            "Geograf": {
                "cer": 0.05543358946212953,
                "wer": 0.09090909090909091
            },
            "Mići Princ": {
                "cer": 0.04195804195804196,
                "wer": 0.12084592145015106
            },
            "Dilavac": {
                "cer": 0.01989467524868344,
                "wer": 0.07803468208092486
            }
        }
    },
    "output_checkpoint-1545": {
        "cer": 0.03443619176232275,
        "wer": 0.08458961474036851,
        "per_speaker": {
            "Autor": {
                "cer": 0.00853658536585366,
                "wer": 0.025974025974025976
            },
            "Geograf": {
                "cer": 0.05433589462129528,
                "wer": 0.0881542699724518
            },
            "Mići Princ": {
                "cer": 0.04132231404958678,
                "wer": 0.12084592145015106
            },
            "Dilavac": {
                "cer": 0.01930953774136922,
                "wer": 0.07225433526011561
            }
        }
    },
    "output_checkpoint-3090": {
        "cer": 0.035280216070222824,
        "wer": 0.08793969849246232,
        "per_speaker": {
            "Autor": {
                "cer": 0.012195121951219513,
                "wer": 0.05194805194805195
            },
            "Geograf": {
                "cer": 0.05543358946212953,
                "wer": 0.09090909090909091
            },
            "Mići Princ": {
                "cer": 0.040686586141131596,
                "wer": 0.11178247734138973
            },
            "Dilavac": {
                "cer": 0.01989467524868344,
                "wer": 0.07803468208092486
            }
        }
    },
    "output_checkpoint-618": {
        "cer": 0.03409858203916273,
        "wer": 0.08877721943048576,
        "per_speaker": {
            "Autor": {
                "cer": 0.007317073170731708,
                "wer": 0.032467532467532464
            },
            "Geograf": {
                "cer": 0.054884742041712405,
                "wer": 0.09641873278236915
            },
            "Mići Princ": {
                "cer": 0.043865225683407505,
                "wer": 0.13595166163141995
            },
            "Dilavac": {
                "cer": 0.01579871269748391,
                "wer": 0.06069364161849711
            }
        }
    },
    "openai_whisper-large-v3": {
        "cer": 0.12575962187711007,
        "wer": 0.3844221105527638,
        "per_speaker": {
            "Autor": {
                "cer": 0.11707317073170732,
                "wer": 0.42857142857142855
            },
            "Geograf": {
                "cer": 0.057628979143798026,
                "wer": 0.23140495867768596
            },
            "Mići Princ": {
                "cer": 0.13032422123331214,
                "wer": 0.4743202416918429
            },
            "Dilavac": {
                "cer": 0.19836161497952018,
                "wer": 0.4393063583815029
            }
        }
    }
}